{"face_size": 0.9713646532438478, "eye_distance": 800.0, "mouth_distance": 626.6152125279646, "eye_size": 304.37024608501133, "mouth_size": 382.57214765100684, "eye_vert": 400.0, "dimple_h": -3.243847874720359, "dimple_v": 197.7628635346755, "dimple_dist": 200.0, "left_dimple_rot": 1440.0, "right_dimple_rot": -1440.0}