{"face_size": 0.966051454138702, "eye_distance": 800.0, "mouth_distance": 673.5363534675616, "eye_size": 312.19043624161077, "mouth_size": 400.0, "eye_vert": 400.0, "dimple_h": -6.040268456375884, "dimple_v": 188.81431767337745, "dimple_dist": 200.0, "left_dimple_rot": 1440.0, "right_dimple_rot": -1440.0}