{"face_size": 1.003243847874721, "eye_distance": 800.0, "mouth_distance": 575.2253914988814, "eye_size": 268.62080536912754, "mouth_size": 316.65911633109636, "eye_vert": 320.18479033404424, "dimple_h": 2.3489932885905773, "dimple_v": 161.96868008948513, "dimple_dist": 200.0, "left_dimple_rot": 1440.0, "right_dimple_rot": -1440.0}